{"cameraMode":{"drawMode":0,"name":"Shaded","section":"Shading Mode"},"sceneLighting":false,"audioPlay":false,"sceneViewState":{"showFog":true,"showMaterialUpdate":false,"showSkybox":false,"showFlares":true,"showImageEffects":true,"showParticleSystems":true},"in2DMode":false,"pivot":{"x":-13.078174591064454,"y":1.2547030448913575,"z":-16.34359359741211},"rotation":{"x":-0.05597974359989166,"y":0.8201118111610413,"z":-0.08145738393068314,"w":-0.5636033415794373},"size":1.554640531539917,"orthographic":false}