{"cameraMode":{"drawMode":0,"name":"Shaded","section":"Shading Mode"},"sceneLighting":false,"audioPlay":false,"sceneViewState":{"showFog":true,"showMaterialUpdate":false,"showSkybox":false,"showFlares":true,"showImageEffects":true,"showParticleSystems":true},"in2DMode":false,"pivot":{"x":-0.775935173034668,"y":0.48498275876045229,"z":6.741505146026611},"rotation":{"x":0.16672687232494355,"y":0.7719946503639221,"z":-0.22567147016525269,"w":0.5703524947166443},"size":8.52665901184082,"orthographic":false}