{"cameraMode":{"drawMode":0,"name":"Shaded","section":"Shading Mode"},"sceneLighting":false,"audioPlay":false,"sceneViewState":{"showFog":true,"showMaterialUpdate":false,"showSkybox":true,"showFlares":true,"showImageEffects":true,"showParticleSystems":true},"in2DMode":false,"pivot":{"x":-2.8782577514648439,"y":0.6038198471069336,"z":-3.350252151489258},"rotation":{"x":0.08108014613389969,"y":0.8496503829956055,"z":-0.13702738285064698,"w":0.5027408003807068},"size":28.30522346496582,"orthographic":false}