{"cameraMode":{"drawMode":0,"name":"Shaded","section":"Shading Mode"},"sceneLighting":false,"audioPlay":false,"sceneViewState":{"showFog":true,"showMaterialUpdate":false,"showSkybox":false,"showFlares":true,"showImageEffects":true,"showParticleSystems":true},"in2DMode":false,"pivot":{"x":3.129578113555908,"y":0.20827507972717286,"z":-14.950784683227539},"rotation":{"x":0.12723754346370698,"y":-0.544015645980835,"z":0.0838901624083519,"w":0.8251190781593323},"size":6.69351053237915,"orthographic":false}