{"cameraMode":{"drawMode":0,"name":"Shaded","section":"Shading Mode"},"sceneLighting":false,"audioPlay":false,"sceneViewState":{"showFog":true,"showMaterialUpdate":false,"showSkybox":false,"showFlares":true,"showImageEffects":true,"showParticleSystems":true},"in2DMode":false,"pivot":{"x":1.3951640129089356,"y":0.5245932340621948,"z":-8.116323471069336},"rotation":{"x":0.024631664156913759,"y":0.9749622344970703,"z":-0.16986925899982453,"w":0.14137305319309236},"size":5.821084976196289,"orthographic":false}