{"cameraMode":{"drawMode":0,"name":"Shaded","section":"Shading Mode"},"sceneLighting":false,"audioPlay":false,"sceneViewState":{"showFog":true,"showMaterialUpdate":false,"showSkybox":false,"showFlares":true,"showImageEffects":true,"showParticleSystems":true},"in2DMode":false,"pivot":{"x":17.460731506347658,"y":9.989660263061524,"z":-1.8848543167114258},"rotation":{"x":0.13759082555770875,"y":-0.5977689623832703,"z":-0.1050741970539093,"w":-0.782755970954895},"size":37.83047866821289,"orthographic":false}