{"cameraMode":{"drawMode":0,"name":"Shaded","section":"Shading Mode"},"sceneLighting":false,"audioPlay":false,"sceneViewState":{"showFog":true,"showMaterialUpdate":false,"showSkybox":false,"showFlares":true,"showImageEffects":true,"showParticleSystems":true},"in2DMode":false,"pivot":{"x":-3.6213016510009767,"y":0.7930874824523926,"z":4.0746049880981449},"rotation":{"x":-0.054274752736091617,"y":-0.9200486540794373,"z":0.13764038681983949,"w":-0.3627954423427582},"size":9.665778160095215,"orthographic":false}