{"cameraMode":{"drawMode":0,"name":"Shaded","section":"Shading Mode"},"sceneLighting":true,"audioPlay":false,"sceneViewState":{"showFog":true,"showMaterialUpdate":false,"showSkybox":false,"showFlares":true,"showImageEffects":true,"showParticleSystems":true},"in2DMode":false,"pivot":{"x":0.3899998664855957,"y":4.657500267028809,"z":-5.051000595092773},"rotation":{"x":-0.00011264091153861955,"y":0.999293863773346,"z":0.0374910831451416,"w":0.0029978968668729069},"size":41.35668182373047,"orthographic":false}