{"cameraMode":{"drawMode":0,"name":"Shaded","section":"Shading Mode"},"sceneLighting":false,"audioPlay":false,"sceneViewState":{"showFog":true,"showMaterialUpdate":false,"showSkybox":false,"showFlares":true,"showImageEffects":true,"showParticleSystems":true},"in2DMode":false,"pivot":{"x":2.6308951377868654,"y":0.42992138862609866,"z":-9.088729858398438},"rotation":{"x":-0.0694928914308548,"y":0.9097716212272644,"z":-0.16978372633457185,"w":-0.37237194180488589},"size":7.277815818786621,"orthographic":false}